Google service,Service description,Service ID,SKU ID,SKU description,Consumption model description,Product taxonomy,Unit description,Per unit quantity,Tiered usage start,List price (₫),
GCP,Cloud Storage,95FF-2EF5-5EA1,AED0-3315-7B11,Network Data Transfer GCP Replication within Northern America,Default,GCP > Storage > GCS > Egress > Replication > Default Replication,gibibyte,1,0,526.71000419,
GCP,Cloud Storage,95FF-2EF5-5EA1,0D5D-6E23-4250,Standard Storage US Multi-region,Default,GCP > Storage > GCS > Storage > Standard > Multi-Regional,gibibyte month,1,0,684.723005447,
GCP,Gemini API,AEFD-7695-64FA,AEF7-CFC8-1D9E,Generate_content_cached_input_token_count_gemini_3_pro_short_image,Default,GCP > ML Developer > AI Studio > 1P Foundational Models > Gemini 3 Pro > Image Caching > Input,count,1000000,0,"5,267.100041902",
GCP,Gemini API,AEFD-7695-64FA,4D6D-3A29-44D7,Generate_content text cached input token count for gemini 3 pro short,Default,GCP > ML Developer > AI Studio > 1P Foundational Models > Gemini 3 Pro > Text Caching > Input,count,1000000,0,"5,267.100041902",
GCP,Gemini API,AEFD-7695-64FA,F4E4-40E9-745E,GenerateContent text input token count for Gemini 2.0 Flash TTS,Default,GCP > ML Developer > AI Studio > 1P Foundational Models > Gemini 2.0 Flash TTS > Text > Input,count,1000000,0,"13,167.750104756",
GCP,Gemini API,AEFD-7695-64FA,68D6-42D9-37E1,Generate content input token count gemini 2.5 flash input image,Default,GCP > ML Developer > AI Studio > 1P Foundational Models > Gemini 2.5 Flash > Image > Input,count,1000000,0,"7,900.650062853",
GCP,Gemini API,AEFD-7695-64FA,261A-5650-31B1,Generate content input token count gemini 2.5 flash lite input image,Default,GCP > ML Developer > AI Studio > 1P Foundational Models > Gemini 2.5 Flash Lite > Image > Input,count,1000000,0,"2,633.550020951",
GCP,Gemini API,AEFD-7695-64FA,399C-32AD-1412,Generate content input token count gemini 2.5 flash lite short input text,Default,GCP > ML Developer > AI Studio > 1P Foundational Models > Gemini 2.5 Flash Lite > Text > Input,count,1000000,0,"2,633.550020951",
GCP,Gemini API,AEFD-7695-64FA,74A0-9E74-BEDC,Generate_content image input token count for Gemini 2.5 Flash Native Image Generation,Default,GCP > ML Developer > AI Studio > 1P Foundational Models > Gemini 2.5 Flash Native Image Generation > Image > Input,count,1000000,0,"7,900.650062853",
GCP,Gemini API,AEFD-7695-64FA,981A-C057-0BF9,Generate content input token count gemini 2.5 flash short input text,Default,GCP > ML Developer > AI Studio > 1P Foundational Models > Gemini 2.5 Flash > Text > Input,count,1000000,0,"7,900.650062853",
GCP,Gemini API,AEFD-7695-64FA,A44E-F89C-67C0,Gemini 3.1 Flash Image Image Input - Predictions,Default,GCP > ML Developer > AI Studio > 1P Foundational Models > Gemini 3.1 Flash Image > Image > Input,count,1000000,0,"13,167.750104756",
GCP,Gemini API,AEFD-7695-64FA,79EE-4DC9-1607,Gemini 3.1 Flash Image Text Input - Predictions,Default,GCP > ML Developer > AI Studio > 1P Foundational Models > Gemini 3.1 Flash Image > Text > Input,count,1000000,0,"13,167.750104756",
GCP,Gemini API,AEFD-7695-64FA,F2C1-F842-5D84,Generate_content text input token count for gemini 3 flash,Default,GCP > ML Developer > AI Studio > 1P Foundational Models > Gemini 3 Flash > Text > Input,count,1000000,0,"13,167.750104756",
GCP,Gemini API,AEFD-7695-64FA,621F-B428-5221,Generate_content image input token count for gemini 3 pro short,Default,GCP > ML Developer > AI Studio > 1P Foundational Models > Gemini 3 Pro > Image > Input,count,1000000,0,"52,671.000419024",
GCP,Gemini API,AEFD-7695-64FA,FB70-0CFB-9533,Generate_content text input token count for gemini 3 pro short,Default,GCP > ML Developer > AI Studio > 1P Foundational Models > Gemini 3 Pro > Text > Input,count,1000000,0,"52,671.000419024",
GCP,Gemini API,AEFD-7695-64FA,6D92-ABB7-8F5A,GenerateContent audio output token count for Gemini 2.0 Flash TTS,Default,GCP > ML Developer > AI Studio > 1P Foundational Models > Gemini 2.0 Flash TTS > Audio > Output,count,1000000,0,"263,355.00209512",
GCP,Gemini API,AEFD-7695-64FA,7133-23F2-04B7,Generate content output token count gemini 2.5 flash lite short output text non-thinking,Default,GCP > ML Developer > AI Studio > 1P Foundational Models > Gemini 2.5 Flash Lite > Text > Output,count,1000000,0,"10,534.200083804",
GCP,Gemini API,AEFD-7695-64FA,2A8D-CD62-0E04,Generate_content image output token count for Gemini 2.5 Flash Native Image Generation,Default,GCP > ML Developer > AI Studio > 1P Foundational Models > Gemini 2.5 Flash Native Image Generation > Image > Output,count,1000000,0,"790,065.006285362",
GCP,Gemini API,AEFD-7695-64FA,911A-8880-A243,Generate content output token count gemini 2.5 flash short input text,Default,GCP > ML Developer > AI Studio > 1P Foundational Models > Gemini 2.5 Flash > Text > Output,count,1000000,0,"65,838.75052378",
GCP,Gemini API,AEFD-7695-64FA,1BD4-2AB9-AEFB,Gemini 3.1 Flash Image Image Output - Predictions,Default,GCP > ML Developer > AI Studio > 1P Foundational Models > Gemini 3.1 Flash Image > Image > Output,count,1000000,0,"1,580,130.012570724",
GCP,Gemini API,AEFD-7695-64FA,CE23-3061-A132,Gemini 3.1 Flash Image Text Output - Predictions,Default,GCP > ML Developer > AI Studio > 1P Foundational Models > Gemini 3.1 Flash Image > Text > Output,count,1000000,0,"79,006.500628536",
GCP,Gemini API,AEFD-7695-64FA,ACA6-865B-F153,Generate_content text output token count for gemini 3 flash,Default,GCP > ML Developer > AI Studio > 1P Foundational Models > Gemini 3 Flash > Text > Output,count,1000000,0,"79,006.500628536",
GCP,Gemini API,AEFD-7695-64FA,096D-0370-0236,Generate_content image output token count for Gemini 3 Pro Image,Default,GCP > ML Developer > AI Studio > 1P Foundational Models > Gemini 3 pro Image > Image > Output,count,1000000,0,"3,160,260.025141448",
GCP,Gemini API,AEFD-7695-64FA,530B-F4DF-9814,Generate_content text output token count for gemini 3 pro short,Default,GCP > ML Developer > AI Studio > 1P Foundational Models > Gemini 3 Pro > Text > Output,count,1000000,0,"316,026.002514144",
GCP,Gemini API,AEFD-7695-64FA,B900-AD56-946B,Veo 3 fast Audio Generation (output),Default,GCP > ML Developer > AI Studio > 1P Foundational Models > Veo 3.0 > Video Generation > Output,second,1,0,"3,950.325031426",
GCP,Gemini API,AEFD-7695-64FA,09E4-8AD9-2E63,Veo 3 Audio Generation (output),Default,GCP > ML Developer > AI Studio > 1P Foundational Models > Veo 3.0 > Video Generation > Output,second,1,0,"10,534.200083804",
GCP,Gemini API,AEFD-7695-64FA,0FF2-097D-989F,Veo Lite Generation 1080p with Audio,Default,GCP > ML Developer > AI Studio > 1P Foundational Models > Veo 3.1 Lite > Video Generation > Output,second,1,0,"2,106.84001676",
GCP,Cloud Logging,5490-F7B7-8DF6,143F-A1B0-E0BE,Log Storage cost,Default,GCP > Ops Tools > Cloud Logging > Logs,gibibyte,1,0,0.00,
GCP,Cloud Logging,5490-F7B7-8DF6,143F-A1B0-E0BE,Log Storage cost,Default,GCP > Ops Tools > Cloud Logging > Logs,gibibyte,1,50,"13,167.750104756",
GCP,Cloud Run,152E-C115-5142,4856-B847-F1EB,Services CPU (Request-based billing),Compute Flexible CUD - 3 Year,GCP > Serverless > Cloud Run > Other,second,1,0,0.524603164,
GCP,Cloud Run,152E-C115-5142,4856-B847-F1EB,Services CPU (Request-based billing),Default,GCP > Serverless > Cloud Run > Other,second,1,0,0.632052005,
GCP,Cloud Run,152E-C115-5142,4856-B847-F1EB,Services CPU (Request-based billing),Cloud Run CUD - 3 Year,GCP > Serverless > Cloud Run > Other,second,1,0,0.524603164,
GCP,Cloud Run,152E-C115-5142,4856-B847-F1EB,Services CPU (Request-based billing),Cloud Run CUD - 1 Year,GCP > Serverless > Cloud Run > Other,second,1,0,0.524603164,
GCP,Cloud Run,152E-C115-5142,4856-B847-F1EB,Services CPU (Request-based billing),Compute Flexible CUD - 1 Year,GCP > Serverless > Cloud Run > Other,second,1,0,0.524603164,
GCP,Cloud Run,152E-C115-5142,02A2-9231-36A6,Services Memory (Request-based billing),Compute Flexible CUD - 3 Year,GCP > Serverless > Cloud Run > Other,gibibyte second,1,0,0.054646162,
GCP,Cloud Run,152E-C115-5142,02A2-9231-36A6,Services Memory (Request-based billing),Default,GCP > Serverless > Cloud Run > Other,gibibyte second,1,0,0.06583875,
GCP,Cloud Run,152E-C115-5142,02A2-9231-36A6,Services Memory (Request-based billing),Cloud Run CUD - 3 Year,GCP > Serverless > Cloud Run > Other,gibibyte second,1,0,0.054646162,
GCP,Cloud Run,152E-C115-5142,02A2-9231-36A6,Services Memory (Request-based billing),Cloud Run CUD - 1 Year,GCP > Serverless > Cloud Run > Other,gibibyte second,1,0,0.054646162,
GCP,Cloud Run,152E-C115-5142,02A2-9231-36A6,Services Memory (Request-based billing),Compute Flexible CUD - 1 Year,GCP > Serverless > Cloud Run > Other,gibibyte second,1,0,0.054646162,
GCP,Cloud Run,152E-C115-5142,0CCB-7057-48DE,Cloud Run GOOGLE-API Data Transfer Out,Default,GCP > Network > Egress > Cloud Run,gibibyte,1,0,0.00,
GCP,Cloud Run,152E-C115-5142,2DA5-55D3-E679,Requests,Compute Flexible CUD - 3 Year,GCP > Serverless > Cloud Run > Other,count,1000000,0,0.00,
GCP,Cloud Run,152E-C115-5142,2DA5-55D3-E679,Requests,Compute Flexible CUD - 3 Year,GCP > Serverless > Cloud Run > Other,count,1000000,2000000,"8,743.386069558",
GCP,Cloud Run,152E-C115-5142,2DA5-55D3-E679,Requests,Default,GCP > Serverless > Cloud Run > Other,count,1000000,0,0.00,
GCP,Cloud Run,152E-C115-5142,2DA5-55D3-E679,Requests,Default,GCP > Serverless > Cloud Run > Other,count,1000000,2000000,"10,534.200083804",
GCP,Cloud Run,152E-C115-5142,2DA5-55D3-E679,Requests,Cloud Run CUD - 3 Year,GCP > Serverless > Cloud Run > Other,count,1000000,0,0.00,
GCP,Cloud Run,152E-C115-5142,2DA5-55D3-E679,Requests,Cloud Run CUD - 3 Year,GCP > Serverless > Cloud Run > Other,count,1000000,2000000,"8,743.386069558",
GCP,Cloud Run,152E-C115-5142,2DA5-55D3-E679,Requests,Cloud Run CUD - 1 Year,GCP > Serverless > Cloud Run > Other,count,1000000,0,0.00,
GCP,Cloud Run,152E-C115-5142,2DA5-55D3-E679,Requests,Cloud Run CUD - 1 Year,GCP > Serverless > Cloud Run > Other,count,1000000,2000000,"8,743.386069558",
GCP,Cloud Run,152E-C115-5142,2DA5-55D3-E679,Requests,Compute Flexible CUD - 1 Year,GCP > Serverless > Cloud Run > Other,count,1000000,0,0.00,
GCP,Cloud Run,152E-C115-5142,2DA5-55D3-E679,Requests,Compute Flexible CUD - 1 Year,GCP > Serverless > Cloud Run > Other,count,1000000,2000000,"8,743.386069558",
